restaurant_id,name,cuisine,categories,description,price_range,rating,review_count,city,latitude,longitude,image_url,image_urls
R001,Seoul Chicken,Korean,"korean bbq, street food, soju bar",A $$$ Korean restaurant in Kuala Lumpur famous for korean bbq.,$$$,4.2,299,Kuala Lumpur,3.116491,101.687328,https://images.unsplash.com/photo-1590301157890-4810ed352733?w=800&q=80,"[""https://images.unsplash.com/photo-1590301157890-4810ed352733?w=800&q=80"", ""https://images.unsplash.com/photo-1544025162-d76694265947?w=800&q=80"", ""https://images.unsplash.com/photo-1553621042-f6e147245754?w=800&q=80"", ""https://images.unsplash.com/photo-1574484284002-952d92456975?w=800&q=80""]"
R002,Satay Kitchen,Malaysian,"laksa, roti canai",A $ Malaysian favourite in Johor Bahru known for laksa.,$,4.4,444,Johor Bahru,1.47992,103.713838,https://foodish-api.com/images/biryani/biryani1.jpg,"[""https://foodish-api.com/images/biryani/biryani1.jpg"", ""https://foodish-api.com/images/biryani/biryani2.jpg"", ""https://foodish-api.com/images/biryani/biryani3.jpg"", ""https://foodish-api.com/images/biryani/biryani4.jpg""]"
R003,Trattoria Pasta,Italian,"risotto, pizza",A $$ Italian spot in Kuala Lumpur known for risotto and a 4.0-star crowd.,$$,4.0,378,Kuala Lumpur,3.143163,101.713252,https://foodish-api.com/images/pizza/pizza5.jpg,"[""https://foodish-api.com/images/pizza/pizza5.jpg"", ""https://foodish-api.com/images/pizza/pizza6.jpg"", ""https://foodish-api.com/images/pizza/pizza7.jpg"", ""https://foodish-api.com/images/pizza/pizza8.jpg""]"
R004,Gogi Kitchen,Korean,"fried chicken, korean bbq","Warm Korean cooking with a focus on fried chicken, well-liked in Kuala Lumpur.",$$$,4.5,502,Kuala Lumpur,3.12941,101.683173,https://foodish-api.com/images/burger/burger9.jpg,"[""https://foodish-api.com/images/burger/burger9.jpg"", ""https://foodish-api.com/images/burger/burger10.jpg"", ""https://foodish-api.com/images/burger/burger11.jpg"", ""https://foodish-api.com/images/burger/burger12.jpg""]"
R005,Masala Bistro,Indian,"biryani, south indian",Aromatic Indian cooking with biryani as the house favourite.,$$,4.0,311,Petaling Jaya,3.097656,101.645862,https://foodish-api.com/images/biryani/biryani13.jpg,"[""https://foodish-api.com/images/biryani/biryani13.jpg"", ""https://foodish-api.com/images/biryani/biryani14.jpg"", ""https://foodish-api.com/images/biryani/biryani15.jpg"", ""https://foodish-api.com/images/biryani/biryani16.jpg""]"
R006,Zen Ramen,Japanese,"izakaya, sushi, ramen",Casual Japanese kitchen offering izakaya in a relaxed Petaling Jaya setting.,$$$,3.5,293,Petaling Jaya,3.140351,101.612074,https://images.unsplash.com/photo-1526318896980-cf78c088247c?w=800&q=80,"[""https://images.unsplash.com/photo-1526318896980-cf78c088247c?w=800&q=80"", ""https://images.unsplash.com/photo-1563379091339-03b21ab4a4f8?w=800&q=80"", ""https://images.unsplash.com/photo-1590301157890-4810ed352733?w=800&q=80"", ""https://images.unsplash.com/photo-1559314809-0d155014e29e?w=800&q=80""]"
R007,Fiesta Bar,Mexican,"casual dining, quesadillas, guacamole","Bright, casual Mexican cooking centred on casual dining.",$$$,4.0,300,Johor Bahru,1.484652,103.718946,https://foodish-api.com/images/burger/burger21.jpg,"[""https://foodish-api.com/images/burger/burger21.jpg"", ""https://foodish-api.com/images/burger/burger22.jpg"", ""https://foodish-api.com/images/burger/burger23.jpg"", ""https://foodish-api.com/images/burger/burger24.jpg""]"
R008,Nara Chicken,Korean,"street food, korean bbq, fried chicken",A $$$ Korean restaurant in Kuala Lumpur famous for street food.,$$$,4.0,279,Kuala Lumpur,3.12953,101.72659,https://foodish-api.com/images/burger/burger25.jpg,"[""https://foodish-api.com/images/burger/burger25.jpg"", ""https://foodish-api.com/images/burger/burger26.jpg"", ""https://foodish-api.com/images/burger/burger27.jpg"", ""https://foodish-api.com/images/burger/burger28.jpg""]"
R009,Kimchi Chicken,Korean,"soju bar, korean bbq",A $$$ Korean restaurant in Penang famous for soju bar.,$$$,4.2,412,Penang,5.450405,100.358868,https://foodish-api.com/images/burger/burger29.jpg,"[""https://foodish-api.com/images/burger/burger29.jpg"", ""https://foodish-api.com/images/burger/burger30.jpg"", ""https://foodish-api.com/images/burger/burger31.jpg"", ""https://foodish-api.com/images/burger/burger32.jpg""]"
R010,Siam Cafe,Thai,"spicy, tom yum","Home-style Thai cooking with a focus on spicy, popular in Penang.",$$,3.8,339,Penang,5.422016,100.327888,https://foodish-api.com/images/samosa/samosa7.jpg,"[""https://foodish-api.com/images/samosa/samosa7.jpg"", ""https://foodish-api.com/images/samosa/samosa8.jpg"", ""https://foodish-api.com/images/samosa/samosa9.jpg"", ""https://foodish-api.com/images/samosa/samosa10.jpg""]"
R011,Willow Bistro,Western,"burgers, pasta",All-day Western menu featuring burgers in a neighbourhood setting.,$$,4.0,391,Kuala Lumpur,3.174748,101.66011,https://images.unsplash.com/photo-1546833999-b9f581a1996d?w=800&q=80,"[""https://images.unsplash.com/photo-1546833999-b9f581a1996d?w=800&q=80"", ""https://images.unsplash.com/photo-1600891964092-4316c288032e?w=800&q=80"", ""https://images.unsplash.com/photo-1432139555190-58524dae6a55?w=800&q=80"", ""https://images.unsplash.com/photo-1504674900247-0877df9cc836?w=800&q=80""]"
R012,Brook Diner,Western,"steak, burgers, casual dining",A $$ Western steak restaurant in Shah Alam with a 4.1-star following.,$$,4.1,478,Shah Alam,3.038422,101.480183,https://foodish-api.com/images/burger/burger1.jpg,"[""https://foodish-api.com/images/burger/burger1.jpg"", ""https://foodish-api.com/images/burger/burger2.jpg"", ""https://foodish-api.com/images/burger/burger3.jpg"", ""https://foodish-api.com/images/burger/burger4.jpg""]"
R013,Nami Bar,Japanese,"donburi, ramen",Casual Japanese kitchen offering donburi in a relaxed Kuala Lumpur setting.,$$$,4.4,396,Kuala Lumpur,3.121278,101.685733,https://images.unsplash.com/photo-1553621042-f6e147245754?w=800&q=80,"[""https://images.unsplash.com/photo-1553621042-f6e147245754?w=800&q=80"", ""https://images.unsplash.com/photo-1574484284002-952d92456975?w=800&q=80"", ""https://images.unsplash.com/photo-1559339352-11d035aa65de?w=800&q=80"", ""https://images.unsplash.com/photo-1544025162-d76694265947?w=800&q=80""]"
R014,Earth Bowl,Vegetarian,"plant-based, meat-free",Bright vegetarian cafe in Johor Bahru known for plant-based.,$$,4.3,540,Johor Bahru,1.505419,103.729744,https://foodish-api.com/images/dosa/dosa9.jpg,"[""https://foodish-api.com/images/dosa/dosa9.jpg"", ""https://foodish-api.com/images/dosa/dosa10.jpg"", ""https://foodish-api.com/images/dosa/dosa11.jpg"", ""https://foodish-api.com/images/dosa/dosa12.jpg""]"
R015,Hana Kitchen,Japanese,"ramen, donburi",A $ Japanese spot in Kuala Lumpur known for ramen and a 4.1-star crowd.,$,4.1,307,Kuala Lumpur,3.134889,101.680651,https://images.unsplash.com/photo-1553621042-f6e147245754?w=800&q=80,"[""https://images.unsplash.com/photo-1553621042-f6e147245754?w=800&q=80"", ""https://images.unsplash.com/photo-1574484284002-952d92456975?w=800&q=80"", ""https://images.unsplash.com/photo-1559339352-11d035aa65de?w=800&q=80"", ""https://images.unsplash.com/photo-1544025162-d76694265947?w=800&q=80""]"
R016,Dae Kitchen,Korean,"street food, korean bbq","Warm Korean cooking with a focus on street food, well-liked in Johor Bahru.",$$$,3.4,221,Johor Bahru,1.53022,103.775509,https://foodish-api.com/images/burger/burger17.jpg,"[""https://foodish-api.com/images/burger/burger17.jpg"", ""https://foodish-api.com/images/burger/burger18.jpg"", ""https://foodish-api.com/images/burger/burger19.jpg"", ""https://foodish-api.com/images/burger/burger20.jpg""]"
R017,Azul Kitchen,Mexican,"guacamole, quesadillas, burritos",A $ Mexican kitchen in Johor Bahru famous for guacamole.,$,4.1,279,Johor Bahru,1.486541,103.777985,https://foodish-api.com/images/burger/burger21.jpg,"[""https://foodish-api.com/images/burger/burger21.jpg"", ""https://foodish-api.com/images/burger/burger22.jpg"", ""https://foodish-api.com/images/burger/burger23.jpg"", ""https://foodish-api.com/images/burger/burger24.jpg""]"
R018,Basil Kitchen,Thai,"tom yum, spicy, green curry",Fragrant Thai kitchen serving tom yum in a casual setting.,$$$$,4.3,344,Petaling Jaya,3.105443,101.640251,https://foodish-api.com/images/samosa/samosa13.jpg,"[""https://foodish-api.com/images/samosa/samosa13.jpg"", ""https://foodish-api.com/images/samosa/samosa14.jpg"", ""https://foodish-api.com/images/samosa/samosa15.jpg"", ""https://foodish-api.com/images/samosa/samosa16.jpg""]"
R019,Gogi House,Korean,"street food, korean bbq",A $ Korean restaurant in Petaling Jaya famous for street food.,$,5.0,511,Petaling Jaya,3.116851,101.600238,https://foodish-api.com/images/burger/burger29.jpg,"[""https://foodish-api.com/images/burger/burger29.jpg"", ""https://foodish-api.com/images/burger/burger30.jpg"", ""https://foodish-api.com/images/burger/burger31.jpg"", ""https://foodish-api.com/images/burger/burger32.jpg""]"
R020,Mumbai House,Indian,"north indian, tandoori, south indian","Comforting Indian flavours and north indian, well known around Petaling Jaya.",$$,4.6,490,Petaling Jaya,3.103963,101.646576,https://foodish-api.com/images/biryani/biryani33.jpg,"[""https://foodish-api.com/images/biryani/biryani33.jpg"", ""https://foodish-api.com/images/biryani/biryani34.jpg"", ""https://foodish-api.com/images/biryani/biryani35.jpg"", ""https://foodish-api.com/images/biryani/biryani36.jpg""]"
R021,The Oak Steakhouse,Western,"burgers, pasta, brunch",All-day Western menu featuring burgers in a neighbourhood setting.,$$,5.0,626,Penang,5.423034,100.367779,https://images.unsplash.com/photo-1546833999-b9f581a1996d?w=800&q=80,"[""https://images.unsplash.com/photo-1546833999-b9f581a1996d?w=800&q=80"", ""https://images.unsplash.com/photo-1600891964092-4316c288032e?w=800&q=80"", ""https://images.unsplash.com/photo-1432139555190-58524dae6a55?w=800&q=80"", ""https://images.unsplash.com/photo-1504674900247-0877df9cc836?w=800&q=80""]"
R022,Lemongrass House,Thai,"tom yum, pad thai",Fragrant Thai kitchen serving tom yum in a casual setting.,$$$,3.8,259,Kuala Lumpur,3.120788,101.695286,https://foodish-api.com/images/samosa/samosa3.jpg,"[""https://foodish-api.com/images/samosa/samosa3.jpg"", ""https://foodish-api.com/images/samosa/samosa4.jpg"", ""https://foodish-api.com/images/samosa/samosa5.jpg"", ""https://foodish-api.com/images/samosa/samosa6.jpg""]"
R023,Chiang House,Thai,"tom yum, spicy, pad thai",Fragrant Thai kitchen serving tom yum in a casual setting.,$$,4.9,579,Penang,5.43579,100.339769,https://foodish-api.com/images/samosa/samosa7.jpg,"[""https://foodish-api.com/images/samosa/samosa7.jpg"", ""https://foodish-api.com/images/samosa/samosa8.jpg"", ""https://foodish-api.com/images/samosa/samosa9.jpg"", ""https://foodish-api.com/images/samosa/samosa10.jpg""]"
R024,Fiesta Tacos,Mexican,"burritos, tacos",A $$ Mexican kitchen in Penang famous for burritos.,$$,3.7,214,Penang,5.440868,100.335401,https://foodish-api.com/images/burger/burger9.jpg,"[""https://foodish-api.com/images/burger/burger9.jpg"", ""https://foodish-api.com/images/burger/burger10.jpg"", ""https://foodish-api.com/images/burger/burger11.jpg"", ""https://foodish-api.com/images/burger/burger12.jpg""]"
R025,Umami House,Japanese,"casual dining, ramen",Casual Japanese kitchen offering casual dining in a relaxed Shah Alam setting.,$$,5.0,571,Shah Alam,3.086655,101.506794,https://images.unsplash.com/photo-1553621042-f6e147245754?w=800&q=80,"[""https://images.unsplash.com/photo-1553621042-f6e147245754?w=800&q=80"", ""https://images.unsplash.com/photo-1574484284002-952d92456975?w=800&q=80"", ""https://images.unsplash.com/photo-1559339352-11d035aa65de?w=800&q=80"", ""https://images.unsplash.com/photo-1544025162-d76694265947?w=800&q=80""]"
R026,Imperial Dim Sum,Chinese,"dim sum, roasted meats, noodle soup",Traditional Chinese flavours with a focus on dim sum in Petaling Jaya.,$$$,3.7,301,Petaling Jaya,3.141259,101.629291,https://foodish-api.com/images/samosa/samosa19.jpg,"[""https://foodish-api.com/images/samosa/samosa19.jpg"", ""https://foodish-api.com/images/samosa/samosa20.jpg"", ""https://foodish-api.com/images/samosa/samosa21.jpg"", ""https://foodish-api.com/images/samosa/samosa22.jpg""]"
R027,Brook Bistro,Western,"burgers, pasta",A $$ Western burgers restaurant in Shah Alam with a 4.1-star following.,$$,4.1,400,Shah Alam,3.061273,101.544143,https://foodish-api.com/images/burger/burger21.jpg,"[""https://foodish-api.com/images/burger/burger21.jpg"", ""https://foodish-api.com/images/burger/burger22.jpg"", ""https://foodish-api.com/images/burger/burger23.jpg"", ""https://foodish-api.com/images/burger/burger24.jpg""]"
R028,Copper Grill,Western,"comfort food, casual dining, pasta",A $$ Western comfort food restaurant in Johor Bahru with a 3.8-star following.,$$,3.8,293,Johor Bahru,1.507061,103.768893,https://foodish-api.com/images/burger/burger25.jpg,"[""https://foodish-api.com/images/burger/burger25.jpg"", ""https://foodish-api.com/images/burger/burger26.jpg"", ""https://foodish-api.com/images/burger/burger27.jpg"", ""https://foodish-api.com/images/burger/burger28.jpg""]"
R029,Bangkok Bistro,Thai,"street food, tom yum, pad thai","Home-style Thai cooking with a focus on street food, popular in Petaling Jaya.",$$,4.3,514,Petaling Jaya,3.13926,101.581906,https://foodish-api.com/images/samosa/samosa5.jpg,"[""https://foodish-api.com/images/samosa/samosa5.jpg"", ""https://foodish-api.com/images/samosa/samosa6.jpg"", ""https://foodish-api.com/images/samosa/samosa7.jpg"", ""https://foodish-api.com/images/samosa/samosa8.jpg""]"
R030,Tokyo Bar,Japanese,"tempura, sushi, izakaya","Serves classic tempura with a modern twist, popular among Penang diners.",$$$$,4.2,352,Penang,5.423952,100.341871,https://images.unsplash.com/photo-1526318896980-cf78c088247c?w=800&q=80,"[""https://images.unsplash.com/photo-1526318896980-cf78c088247c?w=800&q=80"", ""https://images.unsplash.com/photo-1563379091339-03b21ab4a4f8?w=800&q=80"", ""https://images.unsplash.com/photo-1590301157890-4810ed352733?w=800&q=80"", ""https://images.unsplash.com/photo-1559314809-0d155014e29e?w=800&q=80""]"
R031,Kampung Stall,Malaysian,"nyonya, roti canai, laksa",Local comfort food with a focus on nyonya and everyday flavours.,$$,3.9,308,Shah Alam,3.082541,101.502576,https://images.unsplash.com/photo-1569058242253-92a9c755a0ec?w=800&q=80,"[""https://images.unsplash.com/photo-1569058242253-92a9c755a0ec?w=800&q=80"", ""https://images.unsplash.com/photo-1512058564366-18510be2db19?w=800&q=80"", ""https://images.unsplash.com/photo-1544025162-d76694265947?w=800&q=80"", ""https://images.unsplash.com/photo-1414235077428-338989a2e8c0?w=800&q=80""]"
R032,Maple Steakhouse,Western,"pasta, comfort food, burgers",A $$$ Western pasta restaurant in Johor Bahru with a 4.8-star following.,$$$,4.8,554,Johor Bahru,1.493594,103.764899,https://foodish-api.com/images/burger/burger1.jpg,"[""https://foodish-api.com/images/burger/burger1.jpg"", ""https://foodish-api.com/images/burger/burger2.jpg"", ""https://foodish-api.com/images/burger/burger3.jpg"", ""https://foodish-api.com/images/burger/burger4.jpg""]"
R033,Orchid Street,Thai,"pad thai, spicy",A $$ Thai eatery in Penang known for pad thai and bold flavours.,$$,4.1,410,Penang,5.376054,100.308387,https://foodish-api.com/images/samosa/samosa21.jpg,"[""https://foodish-api.com/images/samosa/samosa21.jpg"", ""https://foodish-api.com/images/samosa/samosa22.jpg"", ""https://images.unsplash.com/photo-1559314809-0d155014e29e?w=800&q=80"", ""https://images.unsplash.com/photo-1455619452474-d2be8b1e70cd?w=800&q=80""]"
R034,El Sol Tacos,Mexican,"quesadillas, casual dining, tacos",A $$$ Mexican kitchen in Johor Bahru famous for quesadillas.,$$$,4.1,363,Johor Bahru,1.464506,103.75641,https://foodish-api.com/images/burger/burger9.jpg,"[""https://foodish-api.com/images/burger/burger9.jpg"", ""https://foodish-api.com/images/burger/burger10.jpg"", ""https://foodish-api.com/images/burger/burger11.jpg"", ""https://foodish-api.com/images/burger/burger12.jpg""]"
R035,Imperial Wok,Chinese,"stir-fry, noodle soup",Busy neighbourhood kitchen known for stir-fry and generous portions.,$$,3.3,242,Penang,5.450103,100.360114,https://foodish-api.com/images/samosa/samosa3.jpg,"[""https://foodish-api.com/images/samosa/samosa3.jpg"", ""https://foodish-api.com/images/samosa/samosa4.jpg"", ""https://foodish-api.com/images/samosa/samosa5.jpg"", ""https://foodish-api.com/images/samosa/samosa6.jpg""]"
R036,Lotus Kitchen,Chinese,"roasted meats, noodle soup, family restaurant",Busy neighbourhood kitchen known for roasted meats and generous portions.,$$,3.8,338,Johor Bahru,1.458899,103.724258,https://foodish-api.com/images/samosa/samosa7.jpg,"[""https://foodish-api.com/images/samosa/samosa7.jpg"", ""https://foodish-api.com/images/samosa/samosa8.jpg"", ""https://foodish-api.com/images/samosa/samosa9.jpg"", ""https://foodish-api.com/images/samosa/samosa10.jpg""]"
R037,Mamak Cafe,Malaysian,"roti canai, satay, nyonya",Neighbourhood Malaysian eatery serving roti canai in Kuala Lumpur.,$,4.3,318,Kuala Lumpur,3.132262,101.663447,https://foodish-api.com/images/biryani/biryani21.jpg,"[""https://foodish-api.com/images/biryani/biryani21.jpg"", ""https://foodish-api.com/images/biryani/biryani22.jpg"", ""https://foodish-api.com/images/biryani/biryani23.jpg"", ""https://foodish-api.com/images/biryani/biryani24.jpg""]"
R038,Raku Sushi,Japanese,"tempura, casual dining, ramen","Serves classic tempura with a modern twist, popular among Penang diners.",$$,4.9,539,Penang,5.413158,100.310635,https://images.unsplash.com/photo-1526318896980-cf78c088247c?w=800&q=80,"[""https://images.unsplash.com/photo-1526318896980-cf78c088247c?w=800&q=80"", ""https://images.unsplash.com/photo-1563379091339-03b21ab4a4f8?w=800&q=80"", ""https://images.unsplash.com/photo-1590301157890-4810ed352733?w=800&q=80"", ""https://images.unsplash.com/photo-1559314809-0d155014e29e?w=800&q=80""]"
R039,Saffron Kitchen,Indian,"vegetarian-friendly, tandoori, south indian",A $$$ Indian restaurant in Johor Bahru specialising in vegetarian-friendly.,$$$,4.7,459,Johor Bahru,1.50412,103.712256,https://foodish-api.com/images/biryani/biryani29.jpg,"[""https://foodish-api.com/images/biryani/biryani29.jpg"", ""https://foodish-api.com/images/biryani/biryani30.jpg"", ""https://foodish-api.com/images/biryani/biryani31.jpg"", ""https://foodish-api.com/images/biryani/biryani32.jpg""]"
R040,Bangkok Cafe,Thai,"street food, green curry, pad thai",A $$ Thai eatery in Johor Bahru known for street food and bold flavours.,$$,3.3,294,Johor Bahru,1.472882,103.707952,https://images.unsplash.com/photo-1559314809-0d155014e29e?w=800&q=80,"[""https://images.unsplash.com/photo-1559314809-0d155014e29e?w=800&q=80"", ""https://images.unsplash.com/photo-1455619452474-d2be8b1e70cd?w=800&q=80"", ""https://images.unsplash.com/photo-1544025162-d76694265947?w=800&q=80"", ""https://images.unsplash.com/photo-1476224203421-9ac39bcb3327?w=800&q=80""]"
R041,Dae Grill,Korean,"fried chicken, soju bar",Family-friendly Korean eatery serving fried chicken and classic sides.,$$$,4.5,371,Kuala Lumpur,3.152557,101.692018,https://images.unsplash.com/photo-1590301157890-4810ed352733?w=800&q=80,"[""https://images.unsplash.com/photo-1590301157890-4810ed352733?w=800&q=80"", ""https://images.unsplash.com/photo-1544025162-d76694265947?w=800&q=80"", ""https://images.unsplash.com/photo-1553621042-f6e147245754?w=800&q=80"", ""https://images.unsplash.com/photo-1574484284002-952d92456975?w=800&q=80""]"
R042,Thai Garden,Thai,"green curry, tom yum",Fragrant Thai kitchen serving green curry in a casual setting.,$,4.1,337,Shah Alam,3.079595,101.552811,https://foodish-api.com/images/samosa/samosa5.jpg,"[""https://foodish-api.com/images/samosa/samosa5.jpg"", ""https://foodish-api.com/images/samosa/samosa6.jpg"", ""https://foodish-api.com/images/samosa/samosa7.jpg"", ""https://foodish-api.com/images/samosa/samosa8.jpg""]"
R043,Willow Kitchen,Western,"casual dining, steak",A $$$ Western casual dining restaurant in Kuala Lumpur with a 4.4-star following.,$$$,4.4,474,Kuala Lumpur,3.126776,101.68117,https://foodish-api.com/images/burger/burger5.jpg,"[""https://foodish-api.com/images/burger/burger5.jpg"", ""https://foodish-api.com/images/burger/burger6.jpg"", ""https://foodish-api.com/images/burger/burger7.jpg"", ""https://foodish-api.com/images/burger/burger8.jpg""]"
R044,Vino Pasta,Italian,"risotto, pasta",Cosy trattoria serving risotto in the heart of Shah Alam.,$$$,3.9,420,Shah Alam,3.092004,101.555738,https://foodish-api.com/images/pizza/pizza9.jpg,"[""https://foodish-api.com/images/pizza/pizza9.jpg"", ""https://foodish-api.com/images/pizza/pizza10.jpg"", ""https://foodish-api.com/images/pizza/pizza11.jpg"", ""https://foodish-api.com/images/pizza/pizza12.jpg""]"
R045,Taco Cantina,Mexican,"quesadillas, burritos, casual dining","Bright, casual Mexican cooking centred on quesadillas.",$$,4.2,378,Johor Bahru,1.498288,103.754855,https://foodish-api.com/images/burger/burger13.jpg,"[""https://foodish-api.com/images/burger/burger13.jpg"", ""https://foodish-api.com/images/burger/burger14.jpg"", ""https://foodish-api.com/images/burger/burger15.jpg"", ""https://foodish-api.com/images/burger/burger16.jpg""]"
R046,Mumbai Kitchen,Indian,"north indian, vegetarian-friendly, south indian","Comforting Indian flavours and north indian, well known around Petaling Jaya.",$$,3.8,361,Petaling Jaya,3.068112,101.642545,https://foodish-api.com/images/biryani/biryani17.jpg,"[""https://foodish-api.com/images/biryani/biryani17.jpg"", ""https://foodish-api.com/images/biryani/biryani18.jpg"", ""https://foodish-api.com/images/biryani/biryani19.jpg"", ""https://foodish-api.com/images/biryani/biryani20.jpg""]"
R047,Vino Bistro,Italian,"pizza, fine casual, pasta",Cosy trattoria serving pizza in the heart of Johor Bahru.,$$$,4.2,480,Johor Bahru,1.470428,103.756743,https://foodish-api.com/images/pizza/pizza21.jpg,"[""https://foodish-api.com/images/pizza/pizza21.jpg"", ""https://foodish-api.com/images/pizza/pizza22.jpg"", ""https://foodish-api.com/images/pizza/pizza23.jpg"", ""https://foodish-api.com/images/pizza/pizza24.jpg""]"
R048,Masala Palace,Indian,"north indian, south indian, biryani",A $$ Indian restaurant in Johor Bahru specialising in north indian.,$$,4.7,600,Johor Bahru,1.47723,103.719843,https://foodish-api.com/images/biryani/biryani25.jpg,"[""https://foodish-api.com/images/biryani/biryani25.jpg"", ""https://foodish-api.com/images/biryani/biryani26.jpg"", ""https://foodish-api.com/images/biryani/biryani27.jpg"", ""https://foodish-api.com/images/biryani/biryani28.jpg""]"
R049,Kampung Eatery,Malaysian,"laksa, satay",Neighbourhood Malaysian eatery serving laksa in Petaling Jaya.,$,4.2,401,Petaling Jaya,3.085499,101.581055,https://foodish-api.com/images/biryani/biryani29.jpg,"[""https://foodish-api.com/images/biryani/biryani29.jpg"", ""https://foodish-api.com/images/biryani/biryani30.jpg"", ""https://foodish-api.com/images/biryani/biryani31.jpg"", ""https://foodish-api.com/images/biryani/biryani32.jpg""]"
R050,Red House,Chinese,"stir-fry, dim sum",Busy neighbourhood kitchen known for stir-fry and generous portions.,$,3.8,245,Shah Alam,3.103118,101.524425,https://foodish-api.com/images/samosa/samosa11.jpg,"[""https://foodish-api.com/images/samosa/samosa11.jpg"", ""https://foodish-api.com/images/samosa/samosa12.jpg"", ""https://foodish-api.com/images/samosa/samosa13.jpg"", ""https://foodish-api.com/images/samosa/samosa14.jpg""]"
R051,Tandoor Dhaba,Indian,"south indian, tandoori, north indian",Aromatic Indian cooking with south indian as the house favourite.,$$$$,4.2,264,Petaling Jaya,3.117656,101.570989,https://images.unsplash.com/photo-1585937421612-70a008356fbe?w=800&q=80,"[""https://images.unsplash.com/photo-1585937421612-70a008356fbe?w=800&q=80"", ""https://images.unsplash.com/photo-1565557623262-b51c2513a641?w=800&q=80"", ""https://images.unsplash.com/photo-1414235077428-338989a2e8c0?w=800&q=80"", ""https://images.unsplash.com/photo-1504674900247-0877df9cc836?w=800&q=80""]"
R052,Han Kitchen,Korean,"soju bar, street food, fried chicken",Family-friendly Korean eatery serving soju bar and classic sides.,$,5.0,540,Petaling Jaya,3.136113,101.645903,https://foodish-api.com/images/burger/burger1.jpg,"[""https://foodish-api.com/images/burger/burger1.jpg"", ""https://foodish-api.com/images/burger/burger2.jpg"", ""https://foodish-api.com/images/burger/burger3.jpg"", ""https://foodish-api.com/images/burger/burger4.jpg""]"
R053,The Oak Bistro,Western,"pasta, comfort food","Relaxed Western dining in Shah Alam, known for pasta and hearty mains.",$$$,4.4,357,Shah Alam,3.08845,101.516093,https://foodish-api.com/images/burger/burger5.jpg,"[""https://foodish-api.com/images/burger/burger5.jpg"", ""https://foodish-api.com/images/burger/burger6.jpg"", ""https://foodish-api.com/images/burger/burger7.jpg"", ""https://foodish-api.com/images/burger/burger8.jpg""]"
R054,Siam Kitchen,Thai,"street food, tom yum",A $ Thai eatery in Johor Bahru known for street food and bold flavours.,$,4.4,394,Johor Bahru,1.496265,103.753211,https://foodish-api.com/images/samosa/samosa1.jpg,"[""https://foodish-api.com/images/samosa/samosa1.jpg"", ""https://foodish-api.com/images/samosa/samosa2.jpg"", ""https://foodish-api.com/images/samosa/samosa3.jpg"", ""https://foodish-api.com/images/samosa/samosa4.jpg""]"
R055,Bangkok Garden,Thai,"street food, green curry, spicy",Fragrant Thai kitchen serving street food in a casual setting.,$$,3.9,377,Penang,5.417299,100.323821,https://foodish-api.com/images/samosa/samosa5.jpg,"[""https://foodish-api.com/images/samosa/samosa5.jpg"", ""https://foodish-api.com/images/samosa/samosa6.jpg"", ""https://foodish-api.com/images/samosa/samosa7.jpg"", ""https://foodish-api.com/images/samosa/samosa8.jpg""]"
R056,Saffron Palace,Indian,"north indian, tandoori",A $$ Indian restaurant in Penang specialising in north indian.,$$,4.0,331,Penang,5.435149,100.302815,https://foodish-api.com/images/biryani/biryani17.jpg,"[""https://foodish-api.com/images/biryani/biryani17.jpg"", ""https://foodish-api.com/images/biryani/biryani18.jpg"", ""https://foodish-api.com/images/biryani/biryani19.jpg"", ""https://foodish-api.com/images/biryani/biryani20.jpg""]"
R057,Pure Garden,Vegetarian,"salads, plant-based, healthy",Meat-free cooking with salads options and a 4.0-star following.,$$,4.0,443,Johor Bahru,1.479084,103.756894,https://foodish-api.com/images/dosa/dosa21.jpg,"[""https://foodish-api.com/images/dosa/dosa21.jpg"", ""https://foodish-api.com/images/dosa/dosa22.jpg"", ""https://foodish-api.com/images/dosa/dosa23.jpg"", ""https://foodish-api.com/images/dosa/dosa24.jpg""]"
R058,Mamak Kitchen,Malaysian,"nasi lemak, roti canai, nyonya",A $$ Malaysian favourite in Kuala Lumpur known for nasi lemak.,$$,4.2,438,Kuala Lumpur,3.151613,101.690307,https://foodish-api.com/images/biryani/biryani25.jpg,"[""https://foodish-api.com/images/biryani/biryani25.jpg"", ""https://foodish-api.com/images/biryani/biryani26.jpg"", ""https://foodish-api.com/images/biryani/biryani27.jpg"", ""https://foodish-api.com/images/biryani/biryani28.jpg""]"
R059,Nasi Kitchen,Malaysian,"mamak, laksa, satay",Neighbourhood Malaysian eatery serving mamak in Shah Alam.,$$,3.7,249,Shah Alam,3.068349,101.53436,https://foodish-api.com/images/biryani/biryani29.jpg,"[""https://foodish-api.com/images/biryani/biryani29.jpg"", ""https://foodish-api.com/images/biryani/biryani30.jpg"", ""https://foodish-api.com/images/biryani/biryani31.jpg"", ""https://foodish-api.com/images/biryani/biryani32.jpg""]"
R060,Leaf Bowl,Vegetarian,"plant-based, vegan-friendly, meat-free",Bright vegetarian cafe in Petaling Jaya known for plant-based.,$$$,4.2,306,Petaling Jaya,3.104216,101.576097,https://foodish-api.com/images/dosa/dosa33.jpg,"[""https://foodish-api.com/images/dosa/dosa33.jpg"", ""https://foodish-api.com/images/dosa/dosa34.jpg"", ""https://foodish-api.com/images/dosa/dosa35.jpg"", ""https://foodish-api.com/images/dosa/dosa36.jpg""]"
R061,Chiang Garden,Thai,"spicy, pad thai, street food","Home-style Thai cooking with a focus on spicy, popular in Penang.",$$,3.8,387,Penang,5.389349,100.33675,https://foodish-api.com/images/samosa/samosa3.jpg,"[""https://foodish-api.com/images/samosa/samosa3.jpg"", ""https://foodish-api.com/images/samosa/samosa4.jpg"", ""https://foodish-api.com/images/samosa/samosa5.jpg"", ""https://foodish-api.com/images/samosa/samosa6.jpg""]"
R062,Satay House,Malaysian,"laksa, roti canai, mamak",Neighbourhood Malaysian eatery serving laksa in Shah Alam.,$$,4.5,508,Shah Alam,3.06091,101.522653,https://foodish-api.com/images/biryani/biryani1.jpg,"[""https://foodish-api.com/images/biryani/biryani1.jpg"", ""https://foodish-api.com/images/biryani/biryani2.jpg"", ""https://foodish-api.com/images/biryani/biryani3.jpg"", ""https://foodish-api.com/images/biryani/biryani4.jpg""]"
R063,Stone Grill,Western,"pasta, burgers, comfort food",All-day Western menu featuring pasta in a neighbourhood setting.,$$,4.5,562,Penang,5.451286,100.2989,https://foodish-api.com/images/burger/burger5.jpg,"[""https://foodish-api.com/images/burger/burger5.jpg"", ""https://foodish-api.com/images/burger/burger6.jpg"", ""https://foodish-api.com/images/burger/burger7.jpg"", ""https://foodish-api.com/images/burger/burger8.jpg""]"
R064,El Sol Grill,Mexican,"quesadillas, guacamole",Street-style Mexican flavours with quesadillas as a signature dish.,$$,3.8,348,Kuala Lumpur,3.126085,101.702316,https://foodish-api.com/images/burger/burger9.jpg,"[""https://foodish-api.com/images/burger/burger9.jpg"", ""https://foodish-api.com/images/burger/burger10.jpg"", ""https://foodish-api.com/images/burger/burger11.jpg"", ""https://foodish-api.com/images/burger/burger12.jpg""]"
R065,Nasi Cafe,Malaysian,"laksa, satay",A $$$ Malaysian favourite in Johor Bahru known for laksa.,$$$,3.5,181,Johor Bahru,1.532494,103.761141,https://foodish-api.com/images/biryani/biryani13.jpg,"[""https://foodish-api.com/images/biryani/biryani13.jpg"", ""https://foodish-api.com/images/biryani/biryani14.jpg"", ""https://foodish-api.com/images/biryani/biryani15.jpg"", ""https://foodish-api.com/images/biryani/biryani16.jpg""]"
R066,Basil House,Thai,"green curry, street food, tom yum",A $ Thai eatery in Kuala Lumpur known for green curry and bold flavours.,$,3.5,182,Kuala Lumpur,3.118536,101.679864,https://images.unsplash.com/photo-1559314809-0d155014e29e?w=800&q=80,"[""https://images.unsplash.com/photo-1559314809-0d155014e29e?w=800&q=80"", ""https://images.unsplash.com/photo-1455619452474-d2be8b1e70cd?w=800&q=80"", ""https://images.unsplash.com/photo-1544025162-d76694265947?w=800&q=80"", ""https://images.unsplash.com/photo-1476224203421-9ac39bcb3327?w=800&q=80""]"
R067,K-Town House,Korean,"soju bar, bibimbap",Family-friendly Korean eatery serving soju bar and classic sides.,$$$,4.0,330,Penang,5.410866,100.342147,https://foodish-api.com/images/burger/burger21.jpg,"[""https://foodish-api.com/images/burger/burger21.jpg"", ""https://foodish-api.com/images/burger/burger22.jpg"", ""https://foodish-api.com/images/burger/burger23.jpg"", ""https://foodish-api.com/images/burger/burger24.jpg""]"
R068,Nasi House,Malaysian,"nyonya, satay, roti canai",Local comfort food with a focus on nyonya and everyday flavours.,$,4.0,330,Petaling Jaya,3.134924,101.582637,https://foodish-api.com/images/biryani/biryani25.jpg,"[""https://foodish-api.com/images/biryani/biryani25.jpg"", ""https://foodish-api.com/images/biryani/biryani26.jpg"", ""https://foodish-api.com/images/biryani/biryani27.jpg"", ""https://foodish-api.com/images/biryani/biryani28.jpg""]"
R069,Pure Cafe,Vegetarian,"meat-free, plant-based",Bright vegetarian cafe in Shah Alam known for meat-free.,$$,4.6,552,Shah Alam,3.106149,101.538114,https://foodish-api.com/images/dosa/dosa29.jpg,"[""https://foodish-api.com/images/dosa/dosa29.jpg"", ""https://foodish-api.com/images/dosa/dosa30.jpg"", ""https://foodish-api.com/images/dosa/dosa31.jpg"", ""https://foodish-api.com/images/dosa/dosa32.jpg""]"
R070,Naan Bistro,Indian,"tandoori, north indian",A $$ Indian restaurant in Petaling Jaya specialising in tandoori.,$$,4.2,393,Petaling Jaya,3.130389,101.569369,https://foodish-api.com/images/biryani/biryani33.jpg,"[""https://foodish-api.com/images/biryani/biryani33.jpg"", ""https://foodish-api.com/images/biryani/biryani34.jpg"", ""https://foodish-api.com/images/biryani/biryani35.jpg"", ""https://foodish-api.com/images/biryani/biryani36.jpg""]"
R071,Gogi BBQ,Korean,"fried chicken, bibimbap, street food","Warm Korean cooking with a focus on fried chicken, well-liked in Shah Alam.",$$,3.9,458,Shah Alam,3.110691,101.502111,https://images.unsplash.com/photo-1590301157890-4810ed352733?w=800&q=80,"[""https://images.unsplash.com/photo-1590301157890-4810ed352733?w=800&q=80"", ""https://images.unsplash.com/photo-1544025162-d76694265947?w=800&q=80"", ""https://images.unsplash.com/photo-1553621042-f6e147245754?w=800&q=80"", ""https://images.unsplash.com/photo-1574484284002-952d92456975?w=800&q=80""]"
R072,Gogi Eatery,Korean,"korean bbq, soju bar, street food",Family-friendly Korean eatery serving korean bbq and classic sides.,$$$,4.4,437,Petaling Jaya,3.088457,101.576587,https://foodish-api.com/images/burger/burger1.jpg,"[""https://foodish-api.com/images/burger/burger1.jpg"", ""https://foodish-api.com/images/burger/burger2.jpg"", ""https://foodish-api.com/images/burger/burger3.jpg"", ""https://foodish-api.com/images/burger/burger4.jpg""]"
R073,Siam Bistro,Thai,"spicy, green curry","Home-style Thai cooking with a focus on spicy, popular in Penang.",$$,3.9,406,Penang,5.44732,100.306509,https://images.unsplash.com/photo-1544025162-d76694265947?w=800&q=80,"[""https://images.unsplash.com/photo-1544025162-d76694265947?w=800&q=80"", ""https://images.unsplash.com/photo-1476224203421-9ac39bcb3327?w=800&q=80"", ""https://foodish-api.com/images/samosa/samosa1.jpg"", ""https://foodish-api.com/images/samosa/samosa2.jpg""]"
R074,Lemongrass Bistro,Thai,"street food, tom yum, spicy",Fragrant Thai kitchen serving street food in a casual setting.,$,3.9,201,Johor Bahru,1.471484,103.744404,https://foodish-api.com/images/samosa/samosa3.jpg,"[""https://foodish-api.com/images/samosa/samosa3.jpg"", ""https://foodish-api.com/images/samosa/samosa4.jpg"", ""https://foodish-api.com/images/samosa/samosa5.jpg"", ""https://foodish-api.com/images/samosa/samosa6.jpg""]"
R075,Penang Stall,Malaysian,"satay, nasi lemak, nyonya",A $$ Malaysian favourite in Johor Bahru known for satay.,$$,4.1,421,Johor Bahru,1.470082,103.736976,https://foodish-api.com/images/biryani/biryani13.jpg,"[""https://foodish-api.com/images/biryani/biryani13.jpg"", ""https://foodish-api.com/images/biryani/biryani14.jpg"", ""https://foodish-api.com/images/biryani/biryani15.jpg"", ""https://foodish-api.com/images/biryani/biryani16.jpg""]"
R076,Saffron House,Indian,"south indian, north indian","Comforting Indian flavours and south indian, well known around Penang.",$$$,3.3,238,Penang,5.389285,100.298573,https://foodish-api.com/images/biryani/biryani17.jpg,"[""https://foodish-api.com/images/biryani/biryani17.jpg"", ""https://foodish-api.com/images/biryani/biryani18.jpg"", ""https://foodish-api.com/images/biryani/biryani19.jpg"", ""https://foodish-api.com/images/biryani/biryani20.jpg""]"
R077,Brook Cafe,Western,"casual dining, burgers",A $$$$ Western casual dining restaurant in Penang with a 4.6-star following.,$$$$,4.6,389,Penang,5.421011,100.353844,https://foodish-api.com/images/burger/burger21.jpg,"[""https://foodish-api.com/images/burger/burger21.jpg"", ""https://foodish-api.com/images/burger/burger22.jpg"", ""https://foodish-api.com/images/burger/burger23.jpg"", ""https://foodish-api.com/images/burger/burger24.jpg""]"
R078,Lotus Cafe,Vegetarian,"vegan-friendly, plant-based, salads",Bright vegetarian cafe in Kuala Lumpur known for vegan-friendly.,$$,4.3,385,Kuala Lumpur,3.168316,101.657444,https://foodish-api.com/images/dosa/dosa25.jpg,"[""https://foodish-api.com/images/dosa/dosa25.jpg"", ""https://foodish-api.com/images/dosa/dosa26.jpg"", ""https://foodish-api.com/images/dosa/dosa27.jpg"", ""https://foodish-api.com/images/dosa/dosa28.jpg""]"
R079,Mumbai Grill,Indian,"south indian, vegetarian-friendly","Comforting Indian flavours and south indian, well known around Kuala Lumpur.",$,4.9,504,Kuala Lumpur,3.161241,101.687959,https://foodish-api.com/images/biryani/biryani29.jpg,"[""https://foodish-api.com/images/biryani/biryani29.jpg"", ""https://foodish-api.com/images/biryani/biryani30.jpg"", ""https://foodish-api.com/images/biryani/biryani31.jpg"", ""https://foodish-api.com/images/biryani/biryani32.jpg""]"
R080,Willow Steakhouse,Western,"comfort food, steak, casual dining",A $ Western comfort food restaurant in Penang with a 4.4-star following.,$,4.4,441,Penang,5.453987,100.356584,https://foodish-api.com/images/burger/burger33.jpg,"[""https://foodish-api.com/images/burger/burger33.jpg"", ""https://foodish-api.com/images/burger/burger34.jpg"", ""https://foodish-api.com/images/burger/burger35.jpg"", ""https://foodish-api.com/images/burger/burger36.jpg""]"
R081,Azul Bar,Mexican,"casual dining, guacamole, burritos",Street-style Mexican flavours with casual dining as a signature dish.,$,4.7,404,Johor Bahru,1.53227,103.743845,https://images.unsplash.com/photo-1565299585323-38d6b0865b47?w=800&q=80,"[""https://images.unsplash.com/photo-1565299585323-38d6b0865b47?w=800&q=80"", ""https://images.unsplash.com/photo-1551504734-5ee1c4a1479b?w=800&q=80"", ""https://images.unsplash.com/photo-1504674900247-0877df9cc836?w=800&q=80"", ""https://images.unsplash.com/photo-1476224203421-9ac39bcb3327?w=800&q=80""]"
R082,Casa Bistro,Italian,"risotto, pasta, fine casual",A $$$ Italian spot in Kuala Lumpur known for risotto and a 4.5-star crowd.,$$$,4.5,399,Kuala Lumpur,3.126115,101.68318,https://foodish-api.com/images/pizza/pizza1.jpg,"[""https://foodish-api.com/images/pizza/pizza1.jpg"", ""https://foodish-api.com/images/pizza/pizza2.jpg"", ""https://foodish-api.com/images/pizza/pizza3.jpg"", ""https://foodish-api.com/images/pizza/pizza4.jpg""]"
R083,Naan Kitchen,Indian,"tandoori, vegetarian-friendly","Comforting Indian flavours and tandoori, well known around Johor Bahru.",$$,4.2,432,Johor Bahru,1.48725,103.760967,https://foodish-api.com/images/biryani/biryani5.jpg,"[""https://foodish-api.com/images/biryani/biryani5.jpg"", ""https://foodish-api.com/images/biryani/biryani6.jpg"", ""https://foodish-api.com/images/biryani/biryani7.jpg"", ""https://foodish-api.com/images/biryani/biryani8.jpg""]"
R084,Umami Bar,Japanese,"tempura, izakaya",A $$$$ Japanese spot in Penang known for tempura and a 5.0-star crowd.,$$$$,5.0,565,Penang,5.443989,100.36409,https://images.unsplash.com/photo-1526318896980-cf78c088247c?w=800&q=80,"[""https://images.unsplash.com/photo-1526318896980-cf78c088247c?w=800&q=80"", ""https://images.unsplash.com/photo-1563379091339-03b21ab4a4f8?w=800&q=80"", ""https://images.unsplash.com/photo-1590301157890-4810ed352733?w=800&q=80"", ""https://images.unsplash.com/photo-1559314809-0d155014e29e?w=800&q=80""]"
R085,Chiang Street,Thai,"tom yum, green curry",A $$ Thai eatery in Penang known for tom yum and bold flavours.,$$,4.6,543,Penang,5.44173,100.318205,https://foodish-api.com/images/samosa/samosa21.jpg,"[""https://foodish-api.com/images/samosa/samosa21.jpg"", ""https://foodish-api.com/images/samosa/samosa22.jpg"", ""https://images.unsplash.com/photo-1559314809-0d155014e29e?w=800&q=80"", ""https://images.unsplash.com/photo-1455619452474-d2be8b1e70cd?w=800&q=80""]"
R086,Trattoria Kitchen,Italian,"pizza, pasta, risotto",A $$$$ Italian spot in Penang known for pizza and a 4.5-star crowd.,$$$$,4.5,385,Penang,5.430316,100.313519,https://foodish-api.com/images/pizza/pizza17.jpg,"[""https://foodish-api.com/images/pizza/pizza17.jpg"", ""https://foodish-api.com/images/pizza/pizza18.jpg"", ""https://foodish-api.com/images/pizza/pizza19.jpg"", ""https://foodish-api.com/images/pizza/pizza20.jpg""]"
R087,Lotus Dim Sum,Chinese,"stir-fry, family restaurant",Busy neighbourhood kitchen known for stir-fry and generous portions.,$$,4.0,280,Petaling Jaya,3.103592,101.579293,https://foodish-api.com/images/samosa/samosa3.jpg,"[""https://foodish-api.com/images/samosa/samosa3.jpg"", ""https://foodish-api.com/images/samosa/samosa4.jpg"", ""https://foodish-api.com/images/samosa/samosa5.jpg"", ""https://foodish-api.com/images/samosa/samosa6.jpg""]"
R088,Bloom Bowl,Vegetarian,"meat-free, plant-based",Meat-free cooking with meat-free options and a 4.3-star following.,$,4.3,320,Penang,5.428017,100.310568,https://foodish-api.com/images/dosa/dosa25.jpg,"[""https://foodish-api.com/images/dosa/dosa25.jpg"", ""https://foodish-api.com/images/dosa/dosa26.jpg"", ""https://foodish-api.com/images/dosa/dosa27.jpg"", ""https://foodish-api.com/images/dosa/dosa28.jpg""]"
R089,Forge Cafe,Western,"steak, burgers, pasta","Relaxed Western dining in Penang, known for steak and hearty mains.",$,3.9,386,Penang,5.452856,100.293183,https://foodish-api.com/images/burger/burger29.jpg,"[""https://foodish-api.com/images/burger/burger29.jpg"", ""https://foodish-api.com/images/burger/burger30.jpg"", ""https://foodish-api.com/images/burger/burger31.jpg"", ""https://foodish-api.com/images/burger/burger32.jpg""]"
R090,Banchan Eatery,Korean,"soju bar, fried chicken",A $$ Korean restaurant in Kuala Lumpur famous for soju bar.,$$,4.4,492,Kuala Lumpur,3.139021,101.713568,https://foodish-api.com/images/burger/burger33.jpg,"[""https://foodish-api.com/images/burger/burger33.jpg"", ""https://foodish-api.com/images/burger/burger34.jpg"", ""https://foodish-api.com/images/burger/burger35.jpg"", ""https://foodish-api.com/images/burger/burger36.jpg""]"
R091,Olive Bistro,Italian,"wine bar, pizza, pasta",Handmade Italian cooking with a focus on wine bar.,$$$,4.5,487,Kuala Lumpur,3.100669,101.672881,https://images.unsplash.com/photo-1565299624946-b28f40a0ae38?w=800&q=80,"[""https://images.unsplash.com/photo-1565299624946-b28f40a0ae38?w=800&q=80"", ""https://images.unsplash.com/photo-1513104890138-7c749659a591?w=800&q=80"", ""https://images.unsplash.com/photo-1476224203421-9ac39bcb3327?w=800&q=80"", ""https://images.unsplash.com/photo-1414235077428-338989a2e8c0?w=800&q=80""]"
R092,Dae House,Korean,"street food, korean bbq, fried chicken",A $$$ Korean restaurant in Johor Bahru famous for street food.,$$$,4.4,450,Johor Bahru,1.522342,103.761064,https://foodish-api.com/images/burger/burger1.jpg,"[""https://foodish-api.com/images/burger/burger1.jpg"", ""https://foodish-api.com/images/burger/burger2.jpg"", ""https://foodish-api.com/images/burger/burger3.jpg"", ""https://foodish-api.com/images/burger/burger4.jpg""]"
R093,Kimchi Eatery,Korean,"fried chicken, korean bbq",A $$ Korean restaurant in Penang famous for fried chicken.,$$,3.9,405,Penang,5.385816,100.304582,https://foodish-api.com/images/burger/burger5.jpg,"[""https://foodish-api.com/images/burger/burger5.jpg"", ""https://foodish-api.com/images/burger/burger6.jpg"", ""https://foodish-api.com/images/burger/burger7.jpg"", ""https://foodish-api.com/images/burger/burger8.jpg""]"
R094,Lotus Wok,Chinese,"roasted meats, stir-fry, dim sum",A $$ Chinese restaurant in Johor Bahru serving roasted meats and comfort classics.,$$,4.1,467,Johor Bahru,1.490214,103.751911,https://foodish-api.com/images/samosa/samosa5.jpg,"[""https://foodish-api.com/images/samosa/samosa5.jpg"", ""https://foodish-api.com/images/samosa/samosa6.jpg"", ""https://foodish-api.com/images/samosa/samosa7.jpg"", ""https://foodish-api.com/images/samosa/samosa8.jpg""]"
R095,Spice Grill,Indian,"tandoori, south indian","Comforting Indian flavours and tandoori, well known around Penang.",$,4.1,351,Penang,5.411117,100.333145,https://foodish-api.com/images/biryani/biryani13.jpg,"[""https://foodish-api.com/images/biryani/biryani13.jpg"", ""https://foodish-api.com/images/biryani/biryani14.jpg"", ""https://foodish-api.com/images/biryani/biryani15.jpg"", ""https://foodish-api.com/images/biryani/biryani16.jpg""]"
R096,Harbor Diner,Western,"pasta, steak",All-day Western menu featuring pasta in a neighbourhood setting.,$$$,4.2,366,Shah Alam,3.098177,101.54549,https://foodish-api.com/images/burger/burger17.jpg,"[""https://foodish-api.com/images/burger/burger17.jpg"", ""https://foodish-api.com/images/burger/burger18.jpg"", ""https://foodish-api.com/images/burger/burger19.jpg"", ""https://foodish-api.com/images/burger/burger20.jpg""]"
R097,Dragon Dim Sum,Chinese,"noodle soup, family restaurant, roasted meats",Traditional Chinese flavours with a focus on noodle soup in Kuala Lumpur.,$,3.8,271,Kuala Lumpur,3.131702,101.673969,https://foodish-api.com/images/samosa/samosa17.jpg,"[""https://foodish-api.com/images/samosa/samosa17.jpg"", ""https://foodish-api.com/images/samosa/samosa18.jpg"", ""https://foodish-api.com/images/samosa/samosa19.jpg"", ""https://foodish-api.com/images/samosa/samosa20.jpg""]"
R098,Naan Palace,Indian,"vegetarian-friendly, biryani, south indian","Comforting Indian flavours and vegetarian-friendly, well known around Kuala Lumpur.",$$,4.4,508,Kuala Lumpur,3.10552,101.699989,https://foodish-api.com/images/biryani/biryani25.jpg,"[""https://foodish-api.com/images/biryani/biryani25.jpg"", ""https://foodish-api.com/images/biryani/biryani26.jpg"", ""https://foodish-api.com/images/biryani/biryani27.jpg"", ""https://foodish-api.com/images/biryani/biryani28.jpg""]"
R099,Trattoria Trattoria,Italian,"fine casual, pizza",Handmade Italian cooking with a focus on fine casual.,$$$,4.6,483,Petaling Jaya,3.118982,101.600573,https://foodish-api.com/images/pizza/pizza29.jpg,"[""https://foodish-api.com/images/pizza/pizza29.jpg"", ""https://foodish-api.com/images/pizza/pizza30.jpg"", ""https://foodish-api.com/images/pizza/pizza31.jpg"", ""https://foodish-api.com/images/pizza/pizza32.jpg""]"
R100,Siam Street,Thai,"pad thai, spicy",Fragrant Thai kitchen serving pad thai in a casual setting.,$$$$,4.1,378,Petaling Jaya,3.079696,101.590363,https://foodish-api.com/images/samosa/samosa3.jpg,"[""https://foodish-api.com/images/samosa/samosa3.jpg"", ""https://foodish-api.com/images/samosa/samosa4.jpg"", ""https://foodish-api.com/images/samosa/samosa5.jpg"", ""https://foodish-api.com/images/samosa/samosa6.jpg""]"
