user_id,age,city,preferred_price_range
U001,26,Johor Bahru,$$
U002,19,Shah Alam,$$$
U003,24,Kuala Lumpur,$
U004,18,Petaling Jaya,$$
U005,42,Kuala Lumpur,$$$
U006,36,Johor Bahru,$$
U007,30,Kuala Lumpur,$$$$
U008,27,Kuala Lumpur,$$
U009,30,Johor Bahru,$$$
U010,32,Kuala Lumpur,$$
U011,31,Petaling Jaya,$$$
U012,21,Johor Bahru,$$$$
U013,49,Kuala Lumpur,$$
U014,31,Kuala Lumpur,$$
U015,27,Shah Alam,$
U016,38,Petaling Jaya,$$
U017,62,Petaling Jaya,$$$
U018,48,Kuala Lumpur,$$$
U019,42,Kuala Lumpur,$$
U020,65,Shah Alam,$$
U021,33,Kuala Lumpur,$
U022,44,Kuala Lumpur,$$$
U023,42,Kuala Lumpur,$$$$
U024,25,Kuala Lumpur,$
U025,20,Johor Bahru,$
U026,24,Petaling Jaya,$$
U027,18,Shah Alam,$
U028,48,Kuala Lumpur,$$$
U029,24,Kuala Lumpur,$
U030,47,Kuala Lumpur,$$$
U031,19,Penang,$
U032,35,Kuala Lumpur,$$
U033,18,Petaling Jaya,$$
U034,23,Penang,$$
U035,26,Kuala Lumpur,$$
U036,25,Johor Bahru,$$$
U037,28,Kuala Lumpur,$$
U038,30,Petaling Jaya,$$
U039,65,Petaling Jaya,$$$
U040,22,Petaling Jaya,$$
U041,34,Petaling Jaya,$$
U042,18,Petaling Jaya,$
U043,19,Shah Alam,$
U044,18,Johor Bahru,$
U045,25,Kuala Lumpur,$
U046,60,Petaling Jaya,$$
U047,32,Kuala Lumpur,$
U048,32,Petaling Jaya,$$$
U049,19,Kuala Lumpur,$$
U050,37,Kuala Lumpur,$$
U051,32,Kuala Lumpur,$$
U052,37,Petaling Jaya,$$$
U053,26,Shah Alam,$$
U054,19,Penang,$$
U055,25,Petaling Jaya,$$$
U056,38,Kuala Lumpur,$$$$
U057,25,Kuala Lumpur,$$
U058,48,Petaling Jaya,$$$
U059,22,Kuala Lumpur,$
U060,36,Johor Bahru,$
U061,34,Penang,$$
U062,19,Johor Bahru,$
U063,21,Petaling Jaya,$$$
U064,35,Petaling Jaya,$$
U065,35,Petaling Jaya,$$
U066,23,Kuala Lumpur,$
U067,30,Petaling Jaya,$$$
U068,51,Petaling Jaya,$$$$
U069,52,Petaling Jaya,$$$
U070,23,Penang,$$$
U071,28,Petaling Jaya,$$
U072,34,Kuala Lumpur,$$$
U073,27,Penang,$
U074,19,Johor Bahru,$
U075,29,Shah Alam,$$
U076,30,Petaling Jaya,$$
U077,36,Kuala Lumpur,$$
U078,18,Kuala Lumpur,$
U079,53,Johor Bahru,$$$
U080,26,Kuala Lumpur,$$$
U081,28,Petaling Jaya,$$$
U082,28,Petaling Jaya,$
U083,26,Penang,$$
U084,19,Kuala Lumpur,$$
U085,45,Johor Bahru,$$$$
U086,20,Penang,$$
U087,36,Kuala Lumpur,$$$$
U088,42,Johor Bahru,$$$
U089,40,Kuala Lumpur,$$$
U090,26,Johor Bahru,$$
U091,43,Kuala Lumpur,$$$
U092,39,Kuala Lumpur,$$
U093,27,Penang,$$
U094,32,Shah Alam,$$$
U095,26,Kuala Lumpur,$$$$
U096,22,Kuala Lumpur,$$
U097,31,Petaling Jaya,$$$$
U098,21,Kuala Lumpur,$$
U099,21,Kuala Lumpur,$
U100,31,Shah Alam,$$
